artist_name,track_name,main_genre,PC1,PC2,PC3
Turn It Around,Turn It Around - Tribute to Sub Focus and Kele,unknown,-0.8757099108918428,0.38972240734563196,0.9070974799895778
Verjal Fresh Kutt,Wet Pan Dey,unknown,-1.4979899295503611,0.7383688197693861,-0.8585651650956557
Lil Flama x Flee,Mother Place (feat. Lil Flama x Flee),unknown,-1.9517711284255397,-0.3488610093293416,0.7673457805462167
The Grinning Ghosts,Minnie's Yoo Hoo,unknown,0.23359090551241182,0.49944171957232775,-1.2806266811404174
The Grinning Ghosts,Pictures of a Parking Lot,unknown,-1.776874223621998,2.016417772177519,2.041200044303955
The Grinning Ghosts,I've Been Tired,unknown,-1.1790346959192832,0.046719055180541764,-0.41311668402663165
Machel Montano,Fast Wine,calypso,-2.693308121885,0.4269201293606261,0.5750830605011515
Machel Montano,Famalay,calypso,-1.8815217113805915,1.2036797850327055,1.8231439445171502
Machel Montano,PARDY,calypso,-1.1976605813089551,0.41985504484555003,0.3088530659072527
Rupee,Tempted To Touch,barbados,0.17693746233379012,-0.45387934863775287,1.5602095307384145
Rupee,Tempted to Touch - Old #2,barbados,-1.4021788279856224,-0.8999636850049871,1.6043648932250492
Destra,"Anche Se Ti Amo (con Frah Quintale, nayt & prima stanza a destra)",trinidad and tobago,0.7330646816663459,0.3955200431195505,1.5570847726912862
Destra,tutto,trinidad and tobago,1.8266863334290917,4.191703121311462,-0.06224832085968897
Destra,ti amo,trinidad and tobago,2.329246359368752,1.0701302491740787,-0.2189112101012531
Bunji Garlin,Famalay,trinidad and tobago,-1.8815217113805915,1.2036797850327055,1.8231439445171502
Bunji Garlin,Bicycle Ride - Soca Remix,trinidad and tobago,0.41176256765558594,1.4225900251123862,0.46017388298269496
Bunji Garlin,Hard Fete,trinidad and tobago,-0.6719725759364794,1.2605611649086452,1.847930003810414
Kevin Lyttle,Turn Me On,rnb,-2.1512050648498113,-1.7405596750496202,0.3262334676037064
Kevin Lyttle,TMO (Turn Me On) [feat. Kevin Lyttle],rnb,-2.1512050648498113,-1.7405596750496202,0.3262334676037064
Kevin Lyttle,Midnight,rnb,0.15828025919545158,0.2934237767000003,0.4982669204100582
Patrice Roberts,Mind My Business,trinidad and tobago,-0.3426412553227104,1.089522272321811,1.9826815218781866
Patrice Roberts,Like Yuh Self,trinidad and tobago,-2.8600846836783713,-0.8603088359973963,1.123859604868498
Patrice Roberts,Like It Like This,trinidad and tobago,-1.7651855917842298,0.5646927054449126,0.46078867622428704
Alison Hinds,Roll It Gal,barbados,-2.298372464760874,-0.22958442332438464,-0.6900970819608445
Alison Hinds,Born Wit It (Bumpa Riddim),barbados,-2.5224884398824274,-0.7113761483747506,0.9537828987873156
Alison Hinds,Faluma,barbados,-0.095432159064055,0.4180018864093752,-0.798829468774231
Kes,Voy a Llevarte Pa Pr - Remix,alternative,-1.906503902596168,-0.2920791521128248,0.31234218440326206
Kes,Mirame - Remix,alternative,-0.023809864205712232,-0.22847651916709427,0.060498643408220344
Gueppardo,Dare to Live,post grunge,-2.711800504482615,0.29812163681586895,0.19862853945490627
Gueppardo,Power Lines,post grunge,-2.7903123656601547,-0.05884915117133836,-0.5165862641684865
Gueppardo,Fronteira Final,post grunge,-2.5626242814494407,1.0032136593645264,-0.036060279817534374
Sencelled,Breathe Out,unknown,-0.1841851493774908,0.614353347010714,0.7606896937076372
Rockets To Ruin,Screamin' At Me,glam metal,-1.9037861406100616,1.4494336847545666,-0.40029345375783326
Rockets To Ruin,"Gotta Go, Gotta Roll",glam metal,-2.299296001721573,1.5274313474372516,-0.13374673734306838
Rockets To Ruin,We Are The Drugs,glam metal,-2.5655616992148707,0.8517659871272439,-0.03402716657771605
Tetelestai,Be the Difference,christian alternative rock,-2.151201806406935,0.2816928975225182,-0.736145650630042
Tetelestai,Make Me Feel Alive,christian alternative rock,-2.1826174478803844,0.4176111990853328,-0.644931822291113
Tetelestai,Sheep's Clothing,christian alternative rock,-1.6833874582993393,0.9607213209985335,-1.350861661926811
Dominate,No Way Out - 2017,unknown,-3.7862529477395293,0.5385111512632454,-1.3970718951536172
Dominate,Born To,unknown,-3.179714525320024,0.6497726624135092,-1.2750454560678655
Dominate,Fed Up,unknown,-3.375337982001344,0.5075628726477117,-1.0859170365989201
Souset,La Balada,rock en español,0.8348310843513121,-3.3029150943399865,-0.5181420007243333
Souset,No puedo vivir,rock en español,1.9542032309781208,-2.329091329533821,-0.9683406417143843
Souset,Ansiedad,rock en español,-0.036819149583013425,-2.266223818207363,-1.7344504553597413
Guns N' Roses,Sweet Child O' Mine,classic rock,-0.17514584590940027,-0.7693973080209197,-0.19309676667438017
Guns N' Roses,Welcome To The Jungle,classic rock,-0.9952616408087174,-0.16202879778682505,-1.6441755873353492
Guns N' Roses,Paradise City,classic rock,-0.6548617788689228,-0.29798078294928587,-0.3598911841801635
AC/DC,Thunderstruck,classic rock,-1.6831967858550214,0.015459090107865558,0.26728723947253497
AC/DC,Back In Black,classic rock,-1.0585416496396216,-0.8991404235089776,-0.9457960550931491
AC/DC,Highway to Hell,classic rock,-1.025917546978217,-0.8235212376329757,-0.005339690422290736
Led Zeppelin,Stairway to Heaven - Remaster,classic rock,3.8219247777020007,-1.7544168669494211,-0.4309268738347865
Led Zeppelin,Immigrant Song - Remaster,classic rock,-0.11320096527434169,0.24874172667337097,0.819353496554092
Led Zeppelin,Whole Lotta Love - 1990 Remaster,classic rock,0.642120323557338,-1.322404492491423,-0.37134521665833786
Black Sabbath,Paranoid - 2009 Remaster,classic rock,0.6833344682585181,0.5270027123877495,-0.14823803527050372
Black Sabbath,Iron Man - 2009 Remaster,classic rock,-0.45692482466269985,-1.3577752904033829,-1.34064255843362
Black Sabbath,War Pigs - 2009 Remaster,classic rock,0.4110834094501008,-1.3945306169858933,-0.06681633469984478
Kiss,I Was Made For Lovin' You,classic rock,-0.7760448923898008,-1.2210308951680222,0.3498286800058048
Kiss,Rock And Roll All Nite,classic rock,-1.8948152023390132,-1.3581190693410863,-1.1281064507577014
Kiss,Detroit Rock City,classic rock,-0.3984554124463166,-1.0134406674874563,-1.4286302894517668
Van Halen,Jump - 2015 Remaster,classic rock,-2.2450934073043207,-1.870661645735021,1.3730254527770482
Van Halen,Panama - 2015 Remaster,classic rock,-2.646709944840005,-0.7664285256242362,-1.4245495112431203
Van Halen,Ain't Talkin' 'Bout Love - 2015 Remaster,classic rock,-1.7339834326439798,-0.9524493301077168,-0.8516577344721802
Bon Jovi,Livin' On A Prayer,classic rock,-1.7044259413386595,-0.5140941539231737,-0.8205301426868812
Bon Jovi,You Give Love A Bad Name,classic rock,-2.300156242532533,-0.5695245135863598,-0.3968799421636854
Bon Jovi,It's My Life,classic rock,-1.7734484910396213,0.04528881507810656,-0.16195299329672377
Mötley Crüe,Kickstart My Heart,hard rock,-1.9975498975517934,0.011547088577069983,-0.8465630825217265
Mötley Crüe,"Girls, Girls, Girls",hard rock,-1.6518463131259071,-0.12465698961237358,-0.7200659770497421
Mötley Crüe,Home Sweet Home,hard rock,0.629440076339074,-0.9569741967305807,0.07686810855379766
FFRD,no 관심,electropop,-1.6403363045337664,1.8292084942587412,0.6751917184561335
FFRD,Trap,electropop,2.0256190672404224,-0.4017791646010792,-0.9169930308322634
FFRD,king of darkness (feat. Minji Jeong),electropop,1.2325017550928654,0.7939014351447015,2.875194425133107
LAUSBUB x Bose,RAP'N'TECHNOTCHI,unknown,-1.0010451773054905,0.9424021364458773,-0.7348437375646465
楊美娜,HOW DO I,unknown,0.17910746803536684,-2.038369024094739,0.6860371061147248
Billie Eilish,BIRDS OF A FEATHER,alternative,1.062184969335306,0.9642464791853699,-0.39378022754538466
Billie Eilish,WILDFLOWER,alternative,3.6728486222138197,-0.5474420338865893,-0.12710495742869818
Billie Eilish,lovely (with Khalid),alternative,3.8398027942375306,-0.5218284416387114,0.6103590903075187
Ayesha Erotica,Yummy - Righteous Remix,electronic,1.0229754861235487,1.9639232458002005,-0.09254720049195697
Ayesha Erotica,Emo Boy,electronic,-1.0987110995592395,-0.049752405902508005,-1.7999575686230471
Ayesha Erotica,Yummy,electronic,-0.23285068001851292,-1.0708380178188905,-1.6883169059848646
Magdalena Bay,Killshot - Slowed + Reverb,pop,-0.2906301893429901,0.9709287284921205,-0.9188456718457305
Magdalena Bay,Killshot,pop,-0.9042688062101246,0.9483926357951388,-0.6361374661499374
Magdalena Bay,Image,pop,-0.5501579033968551,1.3275875005173434,0.8928553021326159
Sky Ferreira,Everything Is Embarrassing,electronic,-0.932844468911748,0.9519911022884335,0.4263904857991141
Sky Ferreira,You’re Not The One,electronic,-0.9453101616261689,0.652457153597814,0.7170325799770477
Sky Ferreira,24 Hours,electronic,-2.605583107305515,-0.11226652863420705,0.7979457508277148
Ke$ha,I Always Wanted A Brother,electronic,-0.6438184896234663,-0.13254091440675433,-0.42975725266736126
Ke$ha,We Go Together,electronic,1.3402376631257629,-0.9683880591314867,-1.9556973980866859
Ke$ha,Brother Betrayed,electronic,-0.5175735456298147,0.16536839810340356,-0.08466464981735349
Icona Pop,I Love It (feat. Charli XCX),electronic,-1.5903726896081436,1.413230540782849,0.8224066390630248
Icona Pop,All Night,electronic,-2.462556871760613,-0.19986989725227544,0.7014898701076224
Icona Pop,Clap Snap,electronic,-0.6118477197787197,-0.16683090761346905,0.5805961534375651
Chappell Roan,The Subway,pop,0.8893023442682892,-1.3278847803473697,1.3593074778168488
Chappell Roan,"Good Luck, Babe!",pop,0.002949191478301656,-0.06326402528618133,1.118629180449593
Chappell Roan,Pink Pony Club,pop,1.1181493381966807,-0.6296537114012842,-0.07637771340723196
Kero Kero Bonito,I'd Rather Sleep,noise pop,1.6045235419187853,0.23804791511649442,0.6747576976508607
Kero Kero Bonito,Flamingo,noise pop,-0.6638492163693683,-2.009231574290775,0.15322758141758214
Kero Kero Bonito,Cinema,noise pop,1.437559231734994,0.5956348385903647,-0.6286283554861236
Socal Nation,Alive,unknown,-0.3095444124771095,-0.4858719464232657,-0.4652063882538811
System of a Down,Chop Suey!,alternative metal,-0.9431689714521535,0.6916962009551053,-0.1225024060753016
System of a Down,Toxicity,alternative metal,-0.9820730027254109,0.8412999851999889,-0.07167813599097134
System of a Down,Aerials,alternative metal,0.33070518630514295,0.8700246661773099,0.13454692012708436
Loathe,Screaming,alternative metal,-1.2774479439508943,0.5597642143000934,-0.7585944601084407
Loathe,Two-Way Mirror,alternative metal,-0.019626199941871786,1.0195093413077312,0.39739442169456013
Chevelle,The Red,alternative metal,-1.5715713778278673,0.7996017865804569,0.18036840903304888
Chevelle,Send the Pain Below,alternative metal,-1.7687042825974497,1.5270499617313353,0.7934508723631185
Chevelle,Comfortable Liar,alternative metal,-1.9532640640058678,1.4716951193309478,1.1423633648401579
Sleep Token,Caramel,alternative metal,-1.3096854980748371,-1.3395547896108715,-0.5611499033497007
Sleep Token,Emergence,alternative metal,0.9320076620820418,-1.014872465084131,0.5656156390612965
Sleep Token,The Summoning,alternative metal,-0.6122778703784623,-0.12197885545412296,-0.4471365436182723
Sleep Theory,Static,alternative metal,-2.1442825453786067,1.6148916653638796,-0.586050347253443
Sleep Theory,Gravity,alternative metal,-1.6366940602805395,1.2040427212364924,-0.24466944914861066
Sleep Theory,Stuck In My Head,alternative metal,-2.0832914567317826,1.8086342821196886,-0.7895048437945547
Fleshwater,Kiss the Ladder,alternative metal,-0.9988050093841898,1.2186752274809611,0.09531620724356236
Fleshwater,Closet,alternative metal,-2.337300667118451,0.2574273193379987,0.2952973365013098
Fleshwater,The Razor's Apple,alternative metal,-1.3221677317955334,1.2016919287087244,-0.3924558960112199
Stone Sour,Through Glass,alternative metal,-1.0800902010948343,-0.6916391887487199,0.22844358852675783
Stone Sour,Wicked Game - Acoustic; Live,alternative metal,1.7994922084826124,-1.061817110711342,1.3300399564517242
Stone Sour,Absolute Zero,alternative metal,-2.3996510963326507,1.3353923658086984,-0.6921624887760077
Drowning Pool,Bodies,alternative metal,-2.3060931265253677,1.2125020491883634,-0.8704033340260404
Drowning Pool,Tear Away,alternative metal,-0.9982296194244938,0.6904761360764887,-0.2802604055925075
Drowning Pool,Sinner,alternative metal,-2.6157284728996526,1.2605902287329374,-0.9676004611459174
Dulce Pájara De Juventud,Freak in Tales,unknown,1.0807710504925838,-0.6485988021081944,0.23743482475372066
Dulce Pájara De Juventud,Dark,unknown,0.9178250875630256,2.3027411691488875,1.1085934124890224
Dulce Pájara De Juventud,Gigalove,unknown,-1.1383436336945785,1.5279782520942418,-0.6659977595627463
Mind!,Tak Mampu Mencinta,unknown,3.0919387378062813,0.13041866271306185,-0.2129143254310166
Tame Impala,The Less I Know The Better,indie rock,0.23013795620203312,1.3846109591559144,0.629272715232982
Tame Impala,Borderline,indie rock,-1.380147790662833,0.11565463690320253,0.714961645716185
Tame Impala,Let It Happen,indie rock,0.03768008028791051,0.7348046209970399,0.4830238342516614
Pink Floyd,Wish You Were Here,classic rock,4.039318434934959,-2.069201916076534,-0.5630751290934616
Pink Floyd,"Another Brick in the Wall, Pt. 2",classic rock,2.684049255186794,-1.3006483799291042,-1.154736105885581
Pink Floyd,Comfortably Numb,classic rock,2.10165456559192,-0.5202544902454637,-0.6715360743629527
The Doors,Roadhouse Blues,classic rock,0.9616405461750435,-0.4592244086717197,1.88425262567922
The Doors,Riders on the Storm,classic rock,-0.9628206027756503,-2.481213679157665,0.00806517512685793
The Doors,People Are Strange,classic rock,1.64605507518302,-1.811714500309839,-0.11965451055360025
Ghost,Mary On A Cross,hard rock,-0.4883133164211875,0.8185567644371795,-0.06762895300174075
Ghost,Square Hammer,hard rock,-1.30356586444698,1.1263156867246504,-0.5718738153928147
Ghost,Dance Macabre,hard rock,-1.0099428524537175,0.7033674704503187,-0.3594633266094681
Jefferson Airplane,White Rabbit,classic rock,2.7188944055754476,-2.0031804686497043,-0.8303863150567823
Jefferson Airplane,Somebody to Love,classic rock,1.4108824621651816,-0.43387208648103537,0.17080590635930687
Jefferson Airplane,Today,classic rock,2.9990537700080027,-1.998288280871698,-0.05405384002917522
Grateful Dead,Friend of the Devil,classic rock,1.8989063225887397,-0.5874163149158866,-0.899950914304709
Grateful Dead,Ripple - 2013 Remaster,classic rock,2.125954412642573,-0.7272747704435317,0.6147132066922724
Grateful Dead,Touch of Grey - 2013 Remaster,classic rock,0.4444410371208627,-1.377844134885119,0.2844024306682752
Psychedelic Porn Crumpets,Hymn For A Droid,psychedelic rock,-2.6524347471790706,1.2224522870344605,-0.2843304446100111
Psychedelic Porn Crumpets,Salsa Verde,psychedelic rock,-1.8691814441645958,1.1168228790711257,1.0791983744043572
Psychedelic Porn Crumpets,Manny's Ready to Roll,psychedelic rock,-1.7454596728416203,1.4003156468244755,0.2627062116214949
Love,Semphete,classic rock,-1.7149155041550455,-1.5181901571137693,-0.44454849967242405
Love,Pitso Yaka,classic rock,-0.14494609833808006,0.10251309609461698,-0.34145998009662065
Love,Halelakatsa ho tseba,classic rock,-0.04404508618117972,-0.5715318363793956,0.3331804164857487
Bound by Entrails,Swan Song,avant garde,-2.3451179764324706,0.8326611879866562,0.316920186692171
Bound by Entrails,Prophecy of Severance,avant garde,-2.553900137541468,-0.40075677423510736,-1.2387280478410108
Bound by Entrails,Inno A Satana (Emperor),avant garde,-3.8645536122185895,1.4416998664557594,-0.05374869798274676
Bathory,A Fine Day to Die,viking metal,-2.6205351951842046,-1.5438107758042507,-0.47308647787760283
Bathory,Necromancy,viking metal,-0.5523987411695347,-0.20795364821376575,-0.4810727103450774
Bathory,Hades,viking metal,-1.051103650298384,0.6347060146160393,-0.8873557364348311
Amon Amarth,Twilight Of The Thunder God,melodic death metal,-1.608755420180396,2.207047141221792,-1.707736525291597
Amon Amarth,Raise Your Horns,melodic death metal,-1.095081947420281,1.9165790473799216,-0.9140325223825192
Amon Amarth,Guardians Of Asgaard,melodic death metal,-1.2772130511404691,2.259874994579807,-1.1041097805505784
Equilibrium,Himmelsrand,melodic death metal,-2.0394979899988046,1.6980023882129325,-0.17364881195066242
Equilibrium,Born to Be Epic,melodic death metal,-1.6810840745092386,0.030580815796227716,-1.0106233762445762
Equilibrium,Bloodwood,melodic death metal,-1.675153055257935,1.2072552290547574,-1.479543414341404
Ensiferum,In My Sword I Trust,melodic death metal,-1.8402473960603078,1.3701324800843013,-1.1787242974059209
Ensiferum,Lai Lai Hei,melodic death metal,-1.450872121474365,0.699307563274128,0.02368956073237902
Ensiferum,Andromeda,melodic death metal,-1.9191618366745307,0.3136153941545534,-0.3534292077773697
Týr,How You Gonna Act Like That,viking metal,-1.1935781458447807,-0.582246579226627,0.13247895836069806
Týr,Sweet Lady,viking metal,0.4369448557378134,-1.7523959871304602,-0.08173623953318468
Týr,What Am I Gonna Do,viking metal,0.46870766511022394,-0.044592306179404656,0.022318094479718876
Månegarm,En Blodvittneskrans,viking metal,-2.3225648836084796,0.25731929522676095,-1.8716702740116533
Månegarm,Lögrinns värn,viking metal,-1.7161335366216037,0.2645077234932324,-1.1098053175186975
Månegarm,I skogsfruns famn (feat. Lea Grawsiö Lindström),viking metal,-1.3041984464867455,0.09845498311059554,-0.8048501255658481
Forlorn,the day you left,viking metal,7.116772222740061,2.372790668186729,2.4851099981968994
Forlorn,wish we could go back,viking metal,8.508102129489137,1.6712419522360789,2.141582078325182
Forlorn,misery,viking metal,7.67508736125386,4.270283947500247,1.324937880824621
Turisas,Rasputin,finnish,-2.3035089505914965,1.3472436685690115,0.2004913488921307
Turisas,Stand Up and Fight,finnish,-0.7951806915092859,-0.7667242476714439,0.02822787382050698
Turisas,The March of the Varangian Guard,finnish,-1.0061229588068494,-0.04439811410825939,-0.45791591499852885
Bonobo,Kong,electronic,1.2058748416640508,0.24814596315130247,0.7652278954030258
Bonobo,Falling,electronic,1.6156718126139336,0.8859157637961979,0.13209370443194535
Bonobo,Cirrus,electronic,1.4553372605940558,-0.3405215574051033,1.9990630975133252
Men I Trust,Show Me How,downtempo,4.872605797129148,1.6445496387038827,-1.1224613599943514
Men I Trust,Numb,downtempo,5.684089654939955,2.435716478709098,-1.9663149192599767
Men I Trust,Lauren,downtempo,2.7230497328389696,1.4354540196582681,-0.6600941097385241
Chet Faker,Drop The Game,electronic,1.34406242293961,0.5583145681930387,0.1834432554380311
Chet Faker,Gold,electronic,2.6482194847105176,0.34720655194422806,2.2122047766972166
Chet Faker,No Diggity,electronic,1.9313948393140135,1.4407818371799845,-0.8788615003722394
Massive Attack,Angel,electronic,2.896515759674096,1.7374074737196623,2.7359948602717985
Massive Attack,Teardrop,electronic,1.5564751031423023,1.1608526192712743,-0.5666335057896461
Massive Attack,Unfinished Sympathy - 2012 Mix/Master,electronic,-0.6684218079549467,-0.7225263714475434,0.23607938182103747
BANKS,212,electronic,-2.6870285872239417,-0.17329117262207044,-0.9018557332728985
BANKS,Luxury,electronic,0.6870806657415678,1.1883768841806384,0.5595000971074439
BANKS,New Bottega,electronic,-0.4865865661082893,0.3178084005633198,-0.0028905360306610284
Quantic,Cumbia Sobre El Mar,acid jazz,1.8633849433287402,0.05953658319397546,0.5911705972068348
Quantic,Mi Swing Es Tropical,acid jazz,-2.4334038604198125,-0.8121399302004466,-0.5188176934509278
Quantic,Time Is the Enemy,acid jazz,1.1988406469819217,0.5598653923593541,-0.5622399147490416
Zero 7,In The Waiting Line,electronic,2.773001907157778,1.251795137408668,1.7630118119734461
Zero 7,Destiny - Extended Mix,electronic,1.7860747449490066,1.3357441177615663,0.724443470577834
Zero 7,Today,electronic,2.3973342084710443,0.7220509190108411,1.0448370249051202
Karma,Gentle White,electronic,4.737091310088788,3.202425638195029,-4.405325503663406
Karma,Serene Pink,electronic,7.048706780093887,3.2008422893930617,-5.75591551718916
Karma,White Noise Magic - Seamless,electronic,4.737091310088788,3.202425638195029,-4.405325503663406
César Chino Pérez,El Padre Eterno Me Llama,salsa,2.0520831872087344,-0.4443775928186848,-0.2982480451212774
César Chino Pérez,Ahi Na´ma´,salsa,2.5691035589648132,-0.8626738440330216,-0.9150693688540662
César Chino Pérez,Dame Dos,salsa,0.4705865282208897,-0.37702249202818583,0.014342826977683161
Willie Colón,Talento De Televisión,jazz,1.0028214324249969,-1.3498326680670365,0.10326649270144363
Willie Colón,Idilio,jazz,0.3521779464919688,-0.6815182381816167,-0.04464638498349927
Frankie Ruiz,Tú Con El,salsa boricua,-0.32711140111115383,-1.093184706090852,-0.7003916698090272
Frankie Ruiz,Deseándote,salsa boricua,-0.6446897579242958,-1.6210739328722743,-0.09171948689993484
Frankie Ruiz,Desnúdate Mujer,salsa boricua,-1.33104981679403,-1.5502114079130094,-0.4620726678602799
Grupo Niche,Sin Sentimientos,latin,0.6644228218380436,-1.8758192310954938,-0.2844743986884991
Grupo Niche,Algo Que Se Quede,latin,0.06316073747832399,-0.02726833342214357,0.2987487127758318
Grupo Niche,Una Aventura,latin,-0.23773560566958482,-2.250410792330974,0.6865663956213078
Eddie Santiago,Que Locura Enamorarme De Ti,salsa boricua,-0.08006431864881573,-1.746123451820675,0.18809063714566387
Eddie Santiago,Lluvia,salsa boricua,-0.3793985140181917,-1.7605125405956743,-0.49967762115356734
Eddie Santiago,Mía,salsa boricua,0.040729341539028255,-1.5716468883297399,-0.5631699338577556
El Gran Combo De Puerto Rico,Brujeria,el gran combo de pueel gran combo de puerto ricorto rico,-0.6277840749387471,-1.0122744958867336,0.12301180721616618
El Gran Combo De Puerto Rico,Ojos Chinos,el gran combo de pueel gran combo de puerto ricorto rico,0.7578458030387973,-1.7130134832272719,1.3312056447501632
El Gran Combo De Puerto Rico,Me Liberé,el gran combo de pueel gran combo de puerto ricorto rico,-1.4955361354388095,-0.2546556060707499,0.4474784108505061
Marc Anthony,Volver,latin,0.15570902616995785,1.079683232539252,0.12384438589406886
Marc Anthony,Vivir Mi Vida,latin,-0.6403795008325786,-0.42230234303357117,0.4435979676608587
Marc Anthony,Rain Over Me (feat. Marc Anthony),latin,-1.9792777607250998,1.8623671867374587,0.20868142870464476
KYO,Le chemin (feat. Sita),unknown,-0.6549629753267666,-0.014657717307545825,-0.4103094264926563
Sean Paul,No Lie,rnb,-2.0116233758212405,1.007401019276843,0.2910635055497162
Sean Paul,Temperature,rnb,-0.6482500530494133,-0.3768807689513977,2.0549764021661043
Sean Paul,Ba Ba Bad Remix,rnb,0.6359495818488266,-0.04080944935656027,0.4338322381154458
Major Lazer,Lean On (feat. MØ & DJ Snake),electronic,-0.9643164662180813,-0.1415945829014548,0.7821976302291631
Major Lazer,Cold Water (feat. Justin Bieber & MØ),electronic,-0.6150952163119338,-0.7435081089639615,0.3151314961710243
Major Lazer,Light It Up (feat. Nyla & Fuse ODG) [Remix],electronic,-2.137060651954553,-0.7059816070393969,0.6151628923347466
Shaggy,It Wasn't Me,rnb,-1.7720644646195949,-1.9972755940616689,-0.28410878763073805
Shaggy,Angel,rnb,-0.43474880015583456,0.08747808688373163,-0.07893762179580754
Shaggy,Go Down Deh (feat. Sean Paul & Shaggy),rnb,-0.5627799060983658,0.5079398325333457,1.4672965004123213
Bad Gyal,Comernos,reggaeton,-0.4334571112522808,0.8006780378353663,0.2295863674429491
Bad Gyal,Da Me,reggaeton,1.4071135185217123,-0.26908215928029594,0.822410663896129
Bad Gyal,Chulo pt.2,reggaeton,-0.9948132921080328,0.43039770712134495,-0.4312635168669066
Vybz Kartel,Upside Down,ragga,0.6780929265212756,1.1556927100357532,0.2179722183258914
Popcaan,Silence,soca,0.51656437131621,0.6320076566478814,0.539649756661869
YT,Diamonds,ragga,-1.3902958700172245,2.246553000740665,0.40131184478966364
Ini Kamoze,World-a-Reggae,ragga,1.2499548745041118,-2.3289671446683506,-0.542720396272256
Carpenter Brut,Maniac (feat. Yann Ligner),electronic,-2.995553893078292,1.1493839820230098,0.458710178320771
The Midnight,Runaways (feat. Bonnie McKee),electronic,-0.11246158323004185,0.624820964345068,0.20794251828005034
TWRP,The Longest Weekend,retrowave,0.49530279973370805,0.29864372948019247,-0.4687289341398017
Home,Home,alternative,6.1957886830978905,-0.9006371925180091,-0.19143555220173286
Vestron Vulture,Phantom,electronic,0.9334796983750461,2.5320903891866147,0.8685988756452607
Perturbator,Mors Ultima Ratio,electronic,-1.6821288932829845,0.22341950788075696,-0.1778856623009687
Gunship,"Tech Noir 2 (feat. Charlie Simpson, John Carpenter & Tim Cappello)",electronic,-0.9894817905282854,-0.21296298101334,-0.24781173217501812
Essenger,After Dark,electronic,1.663160240915775,1.5840385166586357,-0.19684022944397156
Guarani,Guaraní (El Aborigen),unknown,-0.2258080917026998,0.04392428458359732,0.46004155507256894
By 4,A Puro Dolor (Balada),unknown,1.1504097998653968,-1.6708172061531767,-0.8060696721774872
Jota Esse,Seja Forte e Corajoso,unknown,3.3617102097602904,-2.712641522344438,-0.5387614803629356
Motilones,"We are Motilones (feat. Abi Hinojosa, Paola Reyes & Mf Music)",unknown,-0.8999211363993553,0.45610669292729306,-0.38654699949075216
Los Ángeles Azules,Sin Ti No Sé Vivir,latin,-1.5798328349709383,-2.8215413123252757,-0.0838467244272763
La Sonora Dinamita,Es el amor,tropical music,-1.8361225239790384,-1.010023631764375,0.49334690704267203
Chico Trujillo,Loca,ska,-0.8160053831734055,-0.21107796346608454,0.48395015531805674
Lisandro Meza,La Barcaza,vallenato,-1.7395051130172237,-1.659119416783759,0.05396456541763917
Damas Gratis,No Te Creas Tan Importante (En Vivo) (feat. Viru Kumbieron),latin,-2.2026667951656083,-1.7360317250384758,1.045113156583703
Grupo Mojado,Piensa En Mí,progressive trance,0.06220606868730352,-2.517060914907237,0.06658195965156913
Celso Piña,Cumbia sobre el río / Interludio,mexican,-2.595263293922806,-1.2311151605895432,1.505058299164547
Rigo Tovar,Como Sera La Mujer,tropical music,-1.058749404479854,0.22821017637611637,0.860974626422092
Die Roten Ratten,Roter Sand,unknown,3.8093791230573513,-1.5507084186641713,-0.10032231414729081
Fahrlässig,Adrenalin,ska punk,-2.206090140674366,0.2487534345466733,0.6117353964470692
The Casualties,We Are All We Have,hardcore punk,-2.9905219154555893,0.8774397734346623,0.26508650634284847
Blitz,Blitz,oi,2.6105993306629256,1.094809152235052,-1.3599701570518776
The Knocks,Slow Song (with Dragonette) (feat. Dragonette),electronic,-0.2706682375371706,1.543232542076967,0.5228942266734773
The Analogs,Dzieciaki Atakujące Policję,oi,-2.0104282553965565,1.0177056620731761,0.017002447594086353
No One Else,No One Else,streetpunk,1.5815617515552651,-1.5799062552307945,0.5356641500668018
The Skinflicks,I Hate Hippies,luxembourg,-0.20404817338585512,1.3378178132530143,1.6182470815358652
The Unseen,Scream Out,hardcore punk,-1.558264055760081,0.5242702651078278,-0.3824604619184383
A Global Threat,Religious Scam,hardcore punk,-1.8993486660329058,0.4091492434230651,0.3459214240247741
Gruulvoqh,The End of Gruulvoqh,gothic metal,-0.748898137773373,-2.288520055145682,0.8488003814708329
Torpor!,Torpor,gothic metal,-2.0610448815476583,-0.5384949415639312,-0.3333564769262158
Yeti,Yeti,unknown,-0.8991569388369541,-1.1416388607484744,0.162281227410357
I Gather Your Grief,Behind the Wheel,gothic metal,-0.6582232589243983,1.734890989466654,-1.5814389247514156
Sumptus Ignis,Awakening the Wolf,gothic metal,-0.8541171837796304,1.0003292982123906,-1.0509813916347948
Type O Negative,Black No. 1 (Little Miss Scare -All),doom metal,-0.16701432030045651,-1.9162257110665297,-0.8065157651406716
Anguish,Gulyayu,doom metal,-0.36979259627576433,0.9614439420354,0.15897008004764715
Candlemass,Bewitched,stoner metal,-2.515290773643119,0.658771823049089,0.604819163421726
Winter,"Blizzard Storm Sounds, Relaxing Winter Background, Heavy Wind and Snow Sounds",doom metal,5.639389797553196,2.056972284096473,-2.268839078656674
Katatonia,Unfurl,progressive rock,4.549687731257984,-0.5238346310935877,0.12253546134990828
Electric Wizard,Dopethrone,stoner metal,-1.1150376266256696,3.1339767037420363,0.5988759208989166
Acid Bath,Scream of The Butterfly,stoner metal,0.05239152496590891,0.15407405053196907,0.5645532639550312
Fountains of Wayne,Stacy's Mom,alternative,-1.4553335626214345,-0.017991000683241977,-0.6693754288403155
Big Star,Thirteen,classic rock,3.4542524970600095,-1.0832760325871924,-0.5952512565009398
Badfinger,Day After Day,classic rock,0.9812578579880988,-0.03137982721970802,1.1271969383200904
Rock City,Detroit Rock City,cedm,-0.3984554124463166,-1.0134406674874563,-1.4286302894517668
Jellyfish,Jellyfish (feat. Michael Seyer),alternative,4.205448598782021,1.8357663037427914,-0.6204861102987216
The Lemon Twigs,My Golden Years,power pop,-0.060687901527591195,-1.621055615437682,0.5574549493456257
The Raspberries,Go All The Way,rock,0.6848606426840833,-0.7819857919193989,0.04308315464490209
Teenage Fanclub,The Concept,alternative,-0.9158520162105237,-2.003498885576656,-0.38792395300501603
Silvestre Dangond,Las Locuras Mías,silvestre dangond,-0.3211606880726306,0.3046717367763386,0.579680834193555
Los Diablitos,Busca Un Confidente,vallenato,1.1652727647630816,-1.4274105393043184,-0.6918191409782385
Carlos Vives,Robarte un Beso,vallenato,-1.2801909025452727,-1.1441079266655143,-0.17177047922403807
Binomio De Oro,Me Vas A Extrañar,vallenato,-1.9304705805738211,-0.4221787243445732,0.7697314205192596
Kaleth Morales,Ella Es Mi Todo,vallenato,0.5448923988578138,-0.7441924509904891,0.3107669043277087
Diomedes Díaz,La Suerte Esta Hechada,vallenato,-1.5430887336245156,-3.28806688343678,0.2579902525088149
Binomio de Oro de América,Olvídala,vallenato,-0.5051813857747048,-0.9651647032873594,-0.0013748781266885374
Jorge Celedón,Esta Vida,vallenato,-0.4701936033442752,-0.687686869194114,-0.1384676354828717
"Eu, Você e Um Oceano","Não É Só Você, Jake! Todo Mundo Tem Sua Luta!",christian rock,0.20049024208865554,1.8688905045256312,-0.6883167797624997
Apocalipsis,Apocalipsis,vocaloid,0.9024558442563432,1.402697992532853,1.092222000666213
Poseidon,POSEIDON,progressive metal,-1.5306228854462962,-0.6953426884501307,1.5545662169437817
We Lost the Sea,A Dance with Death,post rock,3.681097973106467,1.0902481917218905,1.5114016720980339
Cult of Luna,An Offering to the Wild (feat. Colin Stetson),stoner metal,0.9300137605246128,0.47518464423946283,-0.4850213317366563
Isis,Isis (feat. Logic),progressive metal,-2.102985606618701,-0.9390282628233818,-0.7302310420810708
Russian Circles,Gnosis,stoner metal,2.2461118710141568,0.27174724534094913,1.3914966515117257
Amenra,A Solitary Reign,stoner metal,2.426562830746595,1.6594329776591759,0.5307088768743622
Acres,Acres,ambient,2.162544288738692,0.3562006439495311,-0.9570829625011241
Куба,Куба,unknown,0.44081909150228665,-0.6790294527644734,-0.36502031417021064
Deftones,Be Quiet and Drive (Far Away),alternative metal,-2.1843841169321236,-0.0735750442593113,-1.5407310149728646
Linkin Park,In the End,alternative metal,0.34819300123540686,0.12573759114703367,-0.5660814118284627
Korn,Freak On a Leash,alternative,-1.2103290217513463,0.8919658772128616,-0.8545117291376217
Slipknot,Psychosocial,alternative metal,-3.1426657458798846,0.8822139615136024,-1.625518884422504
Limp Bizkit,Making Love to Morgan Wallen,alternative metal,-1.0010209042698297,1.027171136061404,0.029522969879413864
Disturbed,Down with the Sickness,alternative metal,-2.2459625694147363,0.7817756111930119,-1.6353712424335833
Papa Roach,Last Resort,alternative metal,-2.3235513006210526,0.3608774060971769,-1.2715904853705684
Aguakate,Herculito (feat. Shino Aguakate),unknown,-2.297485215365606,0.2547602582141555,-0.6166267632274811
Elvis Crespo,Suavemente,elvis crespo,-4.026499137267406,-1.9427956375643929,0.5615564051735227
Los Hermanos Rosario,La Dueña del Swing,latin,-1.5195246904424644,-1.8484119283144285,0.8747090326029965
Oro Solido,Abusadora,latino,-1.5025835336022482,-1.4584942521496913,0.2818619049976053
Eddy Herrera,Eddy Herrera (Mix En Vivo),latin,-2.521458696174561,-0.2562886303641801,-0.614012527201485
Mala Fe,Mi Carnal,dominican republic,-2.048643642515006,-0.7602883739842603,0.8743825610126448
Proyecto Uno,Regresa Al Nido,latino,-1.4977776546238721,-0.3225024530310979,0.624209073778332
Fuego,Fuego,electronic,-0.5636951783498033,-0.7752212048205472,0.16883809828286758
Fulanito,FULANITO,latin,-0.668261688098525,-0.9981509781152267,0.019736484072294745
The Dave Brubeck Quartet,Take Five,jazz,1.8730533442637645,-1.6061249199799192,-0.07233191053498372
Paul Desmond,A Taste of Honey,brazilian jazz,5.485972095622201,-2.90634827142951,-0.3448162942041277
Gil Evans,Time Of The Barracudas,jazz,0.10175085304696328,-3.032488854197416,0.21395448586858842
Lee Konitz,There Will Never Be Another You,saxophone,3.2866701609515565,-0.6354376295969721,-0.9784003950082116
Chico Hamilton,Conquistadores,jazz,-0.15557419218530047,-1.4420341342272007,-0.3334387298006298
Gerry Mulligan,Night Lights,saxophone,5.619091217708691,-2.6570310233647465,-0.19995596074663619
Modern Jazz Quartet,Blues in C Minor,jazz,5.016685329273962,-1.8752509050765227,0.051554997133322775
Bad Bunny,BAILE INoLVIDABLE,urbano latino,-0.043015082444399444,0.31147259363772034,-0.0699264707955228
Trueno,Mamichula (con Nicki Nicole),rap,1.3594992340634455,-1.0215742798464233,0.12254042794574807
Paulo Londra,Tal Vez,reggaeton,-0.40263217439904136,-0.637089307424586,-0.4331139884909515
Cazzu,Con Otra,rnb,-0.4295708628262115,-0.21995501750254975,0.35424960164914504
Rauw Alejandro,Tiroteo (Remix),urbano latino,0.8362682748468971,-0.5906512588568832,1.5510839184863479
Jon Z,DRINKS,latin,-0.18326941249987935,2.2217423886783783,0.33007474110818835
26is,Choreando,detroit,1.1956988397060753,-1.7413349932730626,0.13791860532399178
TRAP CAPOS,"Quieres Enamorarme (feat. Bryant Myers, Juhn & Baby Rasta)",latin,-0.06176602955665342,0.2445947366751768,0.6746636852287093
Vicente Fernández,Un Millón de Primaveras,bolero,3.320445993566745,-0.8252277073333742,-0.48640370060764127
Alejandro Fernández,Me Dediqué a Perderte,mexican,2.1420718794846336,-0.258284752129323,-0.19490988401159515
Pedro Infante,Me canse de rogarle,bolero,5.1559120460685595,-1.3752461156372702,-1.6042725252617276
Mariachi Vargas de Tecalitlán,Popurrí Huapangos de Oro,mexican,0.08728694651069994,-1.7597537257431382,-0.5793498369218776
Antonio Aguilar,El Hijo Desobediente,música mexicana,2.1589824148204815,0.2794092624259648,1.0726216013606984
José Alfredo Jiménez,Ella Volvió,bolero,-0.4072112958789264,-2.309544613823474,-1.2483552151071877
Pedro Fernández,Bailando De A Cartón,mexican,0.18405425537326697,-0.014091375869870373,0.4277000352545185
Patrick Watson,Peter and the Wolf,unknown,1.3544745779305118,0.31464031005930665,-0.3040379853029822
Neil Young,Harvest Moon,classic rock,3.02086936696723,-0.45157355718959746,0.6429534228825764
The Lumineers,Ho Hey,indie folk,2.695150081732675,-0.7195887121564055,0.663665304631867
Jason Mraz,I'm Yours,soft pop,1.871653888039442,-0.6597994951368278,-0.022502090435488793
America,Ventura Highway,yacht rock,-0.2517297466843749,0.8198231360593378,1.39622187048795
Jack Johnson,Better Together,surf rock,1.667731371255472,0.11796197621290357,-0.5785059839785778
Tracy Chapman,Fast Car,unknown,2.10734527246027,-1.7018237748452463,1.24544148701157
Bob Dylan,Like a Rolling Stone,singer songwriter,0.5894279769048817,-0.9889147871568512,0.5386821842404308
Big Thief,Words,indie rock,0.46137041247902144,0.27306073883223747,1.4668829726220043
Buffalo Springfield,For What It's Worth,classic rock,3.3872764894011467,1.091918437336627,-0.3067328004609054
The Waterboys,The Next Time I Saw Elvis,alternative,-0.5705474688596787,0.33039353472836563,0.21546326822874287
"Crosby, Stills & Nash",Helplessly Hoping (2005 Remaster),rock,5.403056164057188,-0.993135224831616,0.6229600555627176
The Band,Up On Cripple Creek (Remastered 2000),classic rock,2.561230343248589,0.09763676020528954,-1.7873259782038597
Drain,drain,hardcore punk,3.161141223983027,3.997666820757649,-0.46268115590032033
Mindforce,Excalibur,hardcore punk,-2.404239808414979,0.9086822369376082,-0.18472606435484665
Beowülf,savior,hardcore punk,6.255852862206496,-0.8964333241212701,0.018394747834729934
S.O.D.,Speak English or Die,alternative metal,-1.4868920413662507,-1.0114284795658601,-0.949748451789898
Power Trip,Power Trip (feat. Miguel),speed metal,1.5066040195154982,1.162914737373231,-0.6053187273156208
Judiciary,Social Crusade,hardcore punk,-2.3024980654739595,1.1026477521476947,0.1369949657905464
Suicidal Tendencies,You Can't Bring Me Down,speed metal,-0.047565799690709426,-2.019200901972949,-1.577856407954623
Enforced,War Remains,speed metal,-2.2006329120345574,0.7460787090905632,-1.2983209625954373
overthrash,Overthrash,speed metal,-1.7068000411775364,1.024946077360924,0.7404467162122101
Sacred Slam,Cave Of Thieves,thrash metal,-2.578081788527558,-0.4005131831451042,-1.2874003657284119
Netherbound,Netherbound,unknown,-0.3351898012910184,2.473505519174569,0.9793798062604168
Marttyrium,MARTYRIUM,unknown,0.2386871604818408,1.0054888705270109,-0.1568493888299783
SKOMBRUS,Soco na Cara,speed metal,-0.9320065421370428,2.594606769372659,-1.3756475405607291
Full Metal Thrashers,Death to the King,thrash metal,-1.180931295628676,-0.4107803293406976,-0.9419947975116577
Bleeding Hands,Bleeding Hands,melodic death metal,-2.0142401638910257,1.0187979567167467,-0.3918465263874166
The Killing Hours,We Die Alone,unknown,-3.90768614960872,0.6895249711541349,-0.9228810739833038
Metallica,Master of Puppets,hard rock,-1.4761664132245405,-1.16992822850974,0.07956251164929387
Megadeth,Holy Wars...The Punishment Due,speed metal,-0.4394066674844856,-1.1860504389082391,-1.5536920078518734
Slayer,Raining Blood,speed metal,-2.4556558550240113,-0.29339621055637777,-1.6712085943178532
Pantera,La Pantera,power metal,0.4456163944157153,-0.364483148233612,2.297711335498155
Sepultura,Roots Bloody Roots,speed metal,-0.9991335185407708,1.105730602984666,-1.5450392299468187
Testament,Shadow People,speed metal,-2.3034607274102834,0.953886187687306,-1.1767216780534124
Arcane,Ma Meilleure Ennemie (from the series Arcane League of Legends),progressive thrash metal,-0.27048825002179927,1.198105041382327,-0.15721504634834932
Anthrax,Madhouse,speed metal,-1.2417145751113872,-2.241920373593459,-1.203793150584675
Air,Air,electronic,-1.3763469940456245,-0.19994837606254062,-0.02993015753924339
Sade,No Ordinary Love,jazz,2.7609145792549574,0.8974203222937592,-0.10948152764043537
Flume,Never Be Like You (feat. Kai),electronic,-0.3589672513125677,-0.5873984199296955,0.34787459654801334
Sia,Chandelier,egyptian pop,-1.2098667419498337,0.31604966345581803,0.6395183754558046
Thievery Corporation,The Richest Man In Babylon,acid jazz,1.15376975595295,0.08797447675225466,0.8257314526301499
Nujabes,aruarian dance,jazz rap,5.073362795402662,1.7824882596918954,0.6871222691911583
Atlantic Wiz,Iced Out Necklace,unknown,-2.04112284196097,2.7906950683146956,0.10878352298166127
Goldsboro,Honey,unknown,3.4490575982772986,-1.2743542947559763,-1.335542120774335
JEANE,Jeane (2008 Remaster),unknown,-2.1276722454627524,-0.13083149902245608,2.1019714673360865
Siste Dages Helvete,1984,unknown,-0.5288053172662606,-2.8250822657256154,-0.5438821577520019
The Smashing Pumpkins,Chrome Jets,rock,-2.1682793991645704,1.2309688787436641,-0.1265349743707377
Muse,Uprising,alternative,-0.34928997202702505,1.511442739931785,0.4308794159263224
Three Days Grace,Animal I Have Become,alternative,-1.465907812003959,1.0725191796116065,0.10875960773673733
Weezer,Say It Ain't So,alternative,0.6569716805714476,-0.4239934491921413,-0.6856086511713257
Red Hot Chili Peppers,Californication,alternative,-0.6940724506617493,1.2905917097884565,0.010878875054689494
Foo Fighters,The Neverending Sigh,grunge,-0.41017163001794443,1.0708957493777882,0.43869600899197886
bôa,Duvet,alternative,0.584503994165653,-0.5662029313539373,0.6804086614051076
Goo Goo Dolls,Iris,rock,-0.4802271395368432,-0.9875992072822735,0.4071800429425698
Nusrat Fateh Ali Khan,"Ali ali ali maula ali ali, haq",ambient,3.3864001436176263,-0.8088233563146542,0.463304254378661
Rahat Fateh Ali Khan,Zaroori Tha,desi,1.6730227504298238,0.30837188428386797,0.5311167406515782
Abida Parveen,Jhok Ladaaye Vayn Yaar Deewana,sufi,2.0485290693615266,-4.11644056381787,-0.28591991780448917
Nusrat Fateh Ali Khan & Party,Yeh Jo Halka Saroor Hae,ambient,2.1827536726824768,-2.349260065958275,0.9469656706249201
Rizwan-Muazzam Qawwali,Allah Ho Ya Rehman,sufi,1.4430115845600044,-0.7038533183246335,0.175162939238827
Nusrat Fateh Ali Khan & Michael Brook,Longing,ambient,4.236027929241007,-0.1471124662046342,1.2744783020574821
Aziz Mian,Nabi Nabi Ya Nabi Nabi - 2,sufi,2.515193575395145,-3.691707292033497,-1.4766526019210087
Tôrres,Las Torres,unknown,1.860743624274053,-3.241006556842876,0.21435086015969745
Sahil Arun,Maiya Ke Aarti,unknown,-4.340609327927005,-0.03448883119131696,2.294310416596266
DJ ABD,Brooklyn Bounce DJ Mix,unknown,-2.7917379810980014,-0.26028879626181456,-1.0851811843744872
Uzumaki Baka,Uzumaki,unknown,0.5222710041790369,-0.20630017565037786,-0.07679804743860583
Adrian Valley,Valley Of Mists,unknown,9.013127825009363,-0.8652155794514892,0.6635003963371904
Tanish Mittal,Why is it like this,unknown,3.530493368740516,-0.3266549499276734,1.089964748825028
Pawam Choudhary,Pata Chalgea (SLOWED+REVERB),unknown,9.17729478074247,-0.14411209957770013,-0.7004683623149982
Electric Lo Fi Seresta,Passagem,unknown,1.2164499189825884,2.948808218121326,2.8391233186487197
Mac DeMarco,Chamber Of Reflection,experimental,2.593450314697389,0.7546607577027992,1.5527825646781201
TV Girl,Cigarettes out the Window,indie,0.7137290280886983,0.7932912086311285,3.129547110336698
Joji,SLOW DANCING IN THE DARK,alternative rnb,2.561097373700508,1.1463615035363037,0.33293710661080866
Alex G,Sarah,singer songwriter,2.296302714105962,1.7140828312152858,1.3548574426742073
Car Seat Headrest,Sober to Death,noise pop,0.390701182600909,-0.48617716686431833,-0.39381283770006165
Salvia Palth,i was all over her,slowcore,6.2569901097982985,3.176009589878201,-1.2549830438065088
Surf Curse,Freaks,indie rock,0.25646060181577873,-1.3869652207455219,2.1409208988176047
Cults,Mark My Words,experimental,-0.5451657237108263,0.6144013933928716,0.8308855653943835
Sam Gellaitry,CURIOUS (feat. Toro y Moi),electronic,-0.8320472248128382,0.7822172205961634,0.284714122099948
Mura Masa,I’m Really Hot (For Myself),electronic,-3.0949575093356065,0.29497986014658834,-0.7675902905218966
Snail's house,Pixel Galaxy,electronic,-2.7532048362346346,-1.0235395303028347,0.29589048516641686
Illenium,Forever,electronic,0.6410467654753687,0.7445538053635012,1.9748569375663634
Louis the Child,Better Not,electronic,0.37243915909346614,1.1252922256332347,1.1820335754265572
WRLD,Robbery,electronic,0.4917993874513965,-0.3865584713294219,0.9666927457845047
J Balvin,Ay Vamos,latin,0.3159194239708385,-1.0426130249324121,0.3165861839253454
Daddy Yankee,Con Calma (feat. Snow),latin,-1.593428055944971,-0.06709180052974673,0.3530931549309586
Don Omar,Salió El Sol,urbano latino,-0.3729618203510776,-0.031165122708506077,0.6799797181131324
Ozuna,Se Preparó,urbano latino,-0.2898051264359025,0.17035310196910833,0.17505474480750136
Nicky Jam,Hasta el Amanecer,latin,0.5888613523694561,-1.1538497993532488,0.15307117842030285
Wisin & Yandel,Me Estas Tentando,urbano latino,-3.0657904586162785,-1.6925559282615894,1.0449394771311302
